,symbol,date,mcap_usd
0,btc,02-01-2019,66188448932.14009
1,btc,03-01-2019,67643304990.47443
2,btc,04-01-2019,65922288582.92172
3,btc,05-01-2019,66650769533.12984
4,btc,06-01-2019,66070973627.255455
5,btc,07-01-2019,70084169300.15211
6,btc,08-01-2019,69602133073.71902
7,btc,09-01-2019,69418693910.45465
8,btc,10-01-2019,69609283899.19995
9,btc,11-01-2019,63326376681.34885
10,btc,12-01-2019,63121578243.94881
11,btc,13-01-2019,62924488425.99548
12,btc,14-01-2019,61050348901.5798
13,btc,15-01-2019,63758350560.63251
14,btc,16-01-2019,62348810149.49811
15,btc,17-01-2019,62969304894.27945
16,btc,18-01-2019,63320099663.395294
17,btc,19-01-2019,62898826371.85565
18,btc,20-01-2019,64269861567.8863
19,btc,21-01-2019,61969431896.71978
20,btc,22-01-2019,61784404483.04622
21,btc,23-01-2019,62482350133.95662
22,btc,24-01-2019,62216525710.040085
23,btc,25-01-2019,62397665388.19675
24,btc,26-01-2019,62386316357.47355
25,btc,27-01-2019,62374968460.904976
26,btc,28-01-2019,62192208387.693
27,btc,29-01-2019,60087154448.40433
28,btc,30-01-2019,59768195291.00078
29,btc,31-01-2019,60555372963.791016
30,btc,01-02-2019,60101226569.37371
31,btc,02-02-2019,60678990333.1717
32,btc,03-02-2019,61071179758.435844
33,btc,04-02-2019,60524138032.473946
34,btc,05-02-2019,60723961265.783615
35,btc,06-02-2019,60825168548.915
36,btc,07-02-2019,59682137962.35292
37,btc,08-02-2019,59482397752.99235
38,btc,09-02-2019,64226481382.1611
39,btc,10-02-2019,64286029202.05369
40,btc,11-02-2019,64439836442.25577
41,btc,12-02-2019,63670312531.29947
42,btc,13-02-2019,63712841387.27635
43,btc,14-02-2019,63267872020.65663
44,btc,15-02-2019,62991824523.89914
45,btc,16-02-2019,63165603231.85129
46,btc,17-02-2019,63547140519.07759
47,btc,18-02-2019,64383522064.40136
48,btc,19-02-2019,68147457622.522125
49,btc,20-02-2019,68719418872.04398
50,btc,21-02-2019,69790459105.50142
51,btc,22-02-2019,69059468752.51183
52,btc,23-02-2019,69748877117.19371
53,btc,24-02-2019,72266544791.73584
54,btc,25-02-2019,66108588220.39571
55,btc,26-02-2019,67154603799.94677
56,btc,27-02-2019,66890485485.37128
57,btc,28-02-2019,67155912259.18905
58,btc,01-03-2019,67016664287.2375
59,btc,02-03-2019,67085713233.78275
60,btc,03-03-2019,67101767698.901596
61,btc,04-03-2019,66885712070.35212
62,btc,05-03-2019,65238057881.55198
63,btc,06-03-2019,67733767403.2078
64,btc,07-03-2019,67888909504.19791
65,btc,08-03-2019,68020879276.31612
66,btc,09-03-2019,67914021946.078575
67,btc,10-03-2019,69292799411.19722
68,btc,11-03-2019,68962957216.01791
69,btc,12-03-2019,67983966610.10971
70,btc,13-03-2019,68203157396.32404
71,btc,14-03-2019,67968370343.91208
72,btc,15-03-2019,68177693410.06057
73,btc,16-03-2019,69031558676.15643
74,btc,17-03-2019,70497099778.1464
75,btc,18-03-2019,70051219293.32379
76,btc,19-03-2019,70152235369.2381
77,btc,20-03-2019,70618508801.77231
78,btc,21-03-2019,71208656536.95811
79,btc,22-03-2019,70175421257.0859
80,btc,23-03-2019,70227188528.50433
81,btc,24-03-2019,70485598083.6817
82,btc,25-03-2019,70330401859.60312
83,btc,26-03-2019,69206266248.88437
84,btc,27-03-2019,69368692535.334
85,btc,28-03-2019,71134892682.49236
86,btc,29-03-2019,70961529493.34933
87,btc,30-03-2019,72303023146.20026
88,btc,31-03-2019,72305792937.3489
89,btc,01-04-2019,72310769858.13646
90,btc,02-04-2019,73066822741.99345
91,btc,03-04-2019,86200568432.5752
92,btc,04-04-2019,87673795383.52638
93,btc,05-04-2019,86482892583.41296
94,btc,06-04-2019,88332459637.7143
95,btc,07-04-2019,88955701285.46048
96,btc,08-04-2019,91102196906.19292
97,btc,09-04-2019,92817357385.16908
98,btc,10-04-2019,91255525157.87743
99,btc,11-04-2019,93646653914.38365
100,btc,12-04-2019,89079171479.86378
101,btc,13-04-2019,89668931907.92058
102,btc,14-04-2019,89473995793.9539
103,btc,15-04-2019,90952758268.0811
104,btc,16-04-2019,89148028192.09521
105,btc,17-04-2019,91835875597.91147
106,btc,18-04-2019,92156851198.58777
107,btc,19-04-2019,93215173176.98566
108,btc,20-04-2019,93210585886.91354
109,btc,21-04-2019,93900276128.91374
110,btc,22-04-2019,93759009855.06888
111,btc,23-04-2019,94990455842.8902
112,btc,24-04-2019,98039931169.25388
113,btc,25-04-2019,96218396013.24342
114,btc,26-04-2019,91817406863.89627
115,btc,27-04-2019,93049690718.15042
116,btc,28-04-2019,93148101239.95938
117,btc,29-04-2019,92775167509.00262
118,btc,30-04-2019,91885324029.79892
119,btc,01-05-2019,93534079555.95955
120,btc,02-05-2019,94579889910.03488
121,btc,03-05-2019,96389607751.50581
122,btc,04-05-2019,101175865117.03497
123,btc,05-05-2019,102653043813.21808
124,btc,06-05-2019,101764683178.68076
125,btc,07-05-2019,101101531131.03914
126,btc,08-05-2019,103982497546.43155
127,btc,09-05-2019,105271848239.8506
128,btc,10-05-2019,109284325643.20634
129,btc,11-05-2019,112684642518.92992
130,btc,12-05-2019,129323693413.35974
131,btc,13-05-2019,122826926577.3603
132,btc,14-05-2019,138089773338.27194
133,btc,15-05-2019,141341132028.998
134,btc,16-05-2019,144615566025.01224
135,btc,17-05-2019,139525363820.16046
136,btc,18-05-2019,130123159718.19748
137,btc,19-05-2019,129270047519.99455
138,btc,20-05-2019,144597541605.24557
139,btc,21-05-2019,141109768386.16797
140,btc,22-05-2019,141016653223.21735
141,btc,23-05-2019,135913068220.78972
142,btc,24-05-2019,139495233992.3291
143,btc,25-05-2019,141356836449.39377
144,btc,26-05-2019,142301375408.95212
145,btc,27-05-2019,152778982387.80127
146,btc,28-05-2019,156351517828.83902
147,btc,29-05-2019,154706420284.54605
148,btc,30-05-2019,153190671229.78632
149,btc,31-05-2019,147528939419.42154
150,btc,01-06-2019,152037344606.20877
151,btc,02-06-2019,151754429106.1446
152,btc,03-06-2019,155008799790.32507
153,btc,04-06-2019,145118113641.65356
154,btc,05-06-2019,136045887609.96283
155,btc,06-06-2019,138590833268.1022
156,btc,07-06-2019,138816674700.54028
157,btc,08-06-2019,142810130543.30536
158,btc,09-06-2019,140990840427.82074
159,btc,10-06-2019,136055336062.27316
160,btc,11-06-2019,141925422733.43433
161,btc,12-06-2019,140220553937.84616
162,btc,13-06-2019,144409895371.7695
163,btc,14-06-2019,145982200973.5864
164,btc,15-06-2019,154448670610.87314
165,btc,16-06-2019,156571955413.46933
166,btc,17-06-2019,159990740760.34872
167,btc,18-06-2019,165478791606.02725
168,btc,19-06-2019,161689176435.31613
169,btc,20-06-2019,164856060873.05832
170,btc,21-06-2019,169961289184.54773
171,btc,22-06-2019,179686819951.0701
172,btc,23-06-2019,190271555704.10333
173,btc,24-06-2019,193006026351.06372
174,btc,25-06-2019,196224565118.84543
175,btc,26-06-2019,209906767119.21564
176,btc,27-06-2019,231104555834.96542
177,btc,28-06-2019,198805331511.7231
178,btc,29-06-2019,219700496726.02618
179,btc,30-06-2019,213020899675.1298
180,btc,01-07-2019,193705059813.9276
181,btc,02-07-2019,189075622551.36316
182,btc,03-07-2019,191741802293.97986
183,btc,04-07-2019,213139916541.64767
184,btc,05-07-2019,199869428146.8407
185,btc,06-07-2019,195514947598.0145
186,btc,07-07-2019,200989208002.57162
187,btc,08-07-2019,203441013269.87305
188,btc,09-07-2019,217909027168.13293
189,btc,10-07-2019,223082925042.62775
190,btc,11-07-2019,216918064309.90915
191,btc,12-07-2019,202244103401.21423
192,btc,13-07-2019,210058300503.64526
193,btc,14-07-2019,202979011731.3034
194,btc,15-07-2019,183265698057.30487
195,btc,16-07-2019,195225460386.1362
196,btc,17-07-2019,170100385848.08353
197,btc,18-07-2019,172236725014.4112
198,btc,19-07-2019,189588944050.24216
199,btc,20-07-2019,187718958960.57816
200,btc,21-07-2019,190839615019.19455
201,btc,22-07-2019,189302289398.0001
202,btc,23-07-2019,184582963699.30176
203,btc,24-07-2019,177060329754.31393
204,btc,25-07-2019,175298806837.89883
205,btc,26-07-2019,176569486287.9306
206,btc,27-07-2019,175634298896.93475
207,btc,28-07-2019,168472890623.8368
208,btc,29-07-2019,170325673262.38525
209,btc,30-07-2019,169247002246.27844
210,btc,31-07-2019,170790961770.58182
211,btc,01-08-2019,179525433372.0441
212,btc,02-08-2019,185025579624.96027
213,btc,03-08-2019,187993708173.329
214,btc,04-08-2019,192658484290.18
215,btc,05-08-2019,195575205441.64883
216,btc,06-08-2019,210831100251.74985
217,btc,07-08-2019,204493918413.86813
218,btc,08-08-2019,213446022648.57455
219,btc,09-08-2019,214023992147.5213
220,btc,10-08-2019,211775940827.03262
221,btc,11-08-2019,202567916483.04468
222,btc,12-08-2019,206323428608.19785
223,btc,13-08-2019,203438784510.78018
224,btc,14-08-2019,194716791550.1683
225,btc,15-08-2019,178691691521.25024
226,btc,16-08-2019,183808182261.62988
227,btc,17-08-2019,184635409004.2465
228,btc,18-08-2019,182893178091.06567
229,btc,19-08-2019,184381498343.8289
230,btc,20-08-2019,194884121164.64297
231,btc,21-08-2019,192182485883.75177
232,btc,22-08-2019,181094936743.7679
233,btc,23-08-2019,181311699889.67206
234,btc,24-08-2019,187878412535.86255
235,btc,25-08-2019,181764456091.20227
236,btc,26-08-2019,180491202154.3331
237,btc,27-08-2019,184989701185.5528
238,btc,28-08-2019,181891056658.03235
239,btc,29-08-2019,174174790993.24042
240,btc,30-08-2019,169825879929.63724
241,btc,31-08-2019,171703455568.1713
242,btc,01-09-2019,172069023390.1022
243,btc,02-09-2019,174169160998.9338
244,btc,03-09-2019,184367332385.84335
245,btc,04-09-2019,190297653628.6036
246,btc,05-09-2019,189378108188.9303
247,btc,06-09-2019,189354988380.25543
248,btc,07-09-2019,185513074361.89188
249,btc,08-09-2019,187490153206.3296
250,btc,09-09-2019,186487925900.29575
251,btc,10-09-2019,185101736449.4789
252,btc,11-09-2019,181228983504.8709
253,btc,12-09-2019,182006412816.34204
254,btc,13-09-2019,186490286819.08597
255,btc,14-09-2019,185791118116.52597
256,btc,15-09-2019,185709926005.05557
257,btc,16-09-2019,184860740267.84445
258,btc,17-09-2019,184216635305.296
259,btc,18-09-2019,183148194810.27164
260,btc,19-09-2019,182304851001.81525
261,btc,20-09-2019,183793185092.94284
262,btc,21-09-2019,182621118150.38165
263,btc,22-09-2019,179541584400.57428
264,btc,23-09-2019,180261864537.87436
265,btc,24-09-2019,174073117682.94675
266,btc,25-09-2019,158225996381.2368
267,btc,26-09-2019,151968918856.4794
268,btc,27-09-2019,145450672156.79562
269,btc,28-09-2019,147034755881.78366
270,btc,29-09-2019,147518938470.12482
271,btc,30-09-2019,144886125387.55658
272,btc,01-10-2019,148699326425.13895
273,btc,02-10-2019,150346803070.61414
274,btc,03-10-2019,150093691781.89334
275,btc,04-10-2019,146959035399.77228
276,btc,05-10-2019,146603545122.07248
277,btc,06-10-2019,146326858013.4359
278,btc,07-10-2019,141846566055.1005
279,btc,08-10-2019,147113201630.43686
280,btc,09-10-2019,147101302074.693
281,btc,10-10-2019,154173400068.15204
282,btc,11-10-2019,153974523119.16272
283,btc,12-10-2019,148684409190.17136
284,btc,13-10-2019,149460560799.4891
285,btc,14-10-2019,149295847366.54712
286,btc,15-10-2019,150188449071.35995
287,btc,16-10-2019,147132917995.71127
288,btc,17-10-2019,144153894666.31094
289,btc,18-10-2019,145395122717.3465
290,btc,19-10-2019,143241128773.44717
291,btc,20-10-2019,143016860664.09183
292,btc,21-10-2019,147845092519.85434
293,btc,22-10-2019,147972317568.96027
294,btc,23-10-2019,144778678025.77008
295,btc,24-10-2019,134533554377.15782
296,btc,25-10-2019,133881191476.35277
297,btc,26-10-2019,155391555503.11636
298,btc,27-10-2019,166118326255.2487
299,btc,28-10-2019,171191596562.45987
300,btc,29-10-2019,166074573773.0519
301,btc,30-10-2019,169552821617.46747
302,btc,31-10-2019,165289440818.62827
303,btc,01-11-2019,165197797836.50772
304,btc,02-11-2019,166428932044.73645
305,btc,03-11-2019,167702162283.47888
306,btc,04-11-2019,166118344447.8207
307,btc,05-11-2019,169099256441.51648
308,btc,06-11-2019,167676477990.56866
309,btc,07-11-2019,168462131862.39618
310,btc,08-11-2019,166326340114.0134
311,btc,09-11-2019,158619022798.02048
312,btc,10-11-2019,159050488591.96796
313,btc,11-11-2019,162996713000.82236
314,btc,12-11-2019,157759659438.00317
315,btc,13-11-2019,158722325407.9381
316,btc,14-11-2019,158380664653.97025
317,btc,15-11-2019,156230551241.27246
318,btc,16-11-2019,152925645908.6678
319,btc,17-11-2019,153343011226.43033
320,btc,18-11-2019,153491320212.84177
321,btc,19-11-2019,148089631526.6356
322,btc,20-11-2019,146797393103.30997
323,btc,21-11-2019,146173851045.95633
324,btc,22-11-2019,137741605692.4732
325,btc,23-11-2019,131796120680.40385
326,btc,24-11-2019,132153647357.58482
327,btc,25-11-2019,126056411448.4486
328,btc,26-11-2019,128442554040.63123
329,btc,27-11-2019,129550686418.96344
330,btc,28-11-2019,135280930611.90535
331,btc,29-11-2019,134540136588.5858
332,btc,30-11-2019,139585890644.02713
333,btc,01-12-2019,136619988247.82372
334,btc,02-12-2019,133806709251.17145
335,btc,03-12-2019,132186853223.4845
336,btc,04-12-2019,131920184619.24728
337,btc,05-12-2019,130707605071.54597
338,btc,06-12-2019,133644089121.62451
339,btc,07-12-2019,135763797983.31136
340,btc,08-12-2019,135655571430.9959
341,btc,09-12-2019,135886870643.2531
342,btc,10-12-2019,133091781420.79082
343,btc,11-12-2019,130970047495.47795
344,btc,12-12-2019,130242932604.26935
345,btc,13-12-2019,130489545691.80917
346,btc,14-12-2019,131188243085.0565
347,btc,15-12-2019,128114177662.37697
348,btc,16-12-2019,128886696696.6067
349,btc,17-12-2019,124984942945.9272
350,btc,18-12-2019,119931733577.11955
351,btc,19-12-2019,131230049166.53404
352,btc,20-12-2019,129498636860.963
353,btc,21-12-2019,130122764301.36633
354,btc,22-12-2019,129342305760.32504
355,btc,23-12-2019,135086328271.26213
356,btc,24-12-2019,132931613272.25092
357,btc,25-12-2019,131358497318.59528
358,btc,26-12-2019,130643567866.79239
359,btc,27-12-2019,130768750218.36032
360,btc,28-12-2019,131349923253.42535
361,btc,29-12-2019,132567576727.86806
362,btc,30-12-2019,133997529973.30914
363,btc,31-12-2019,131377523457.07199
364,btc,01-01-2020,130394101535.60994
365,btc,02-01-2020,130422953817.668
366,btc,03-01-2020,126280790200.20206
367,btc,04-01-2020,132766262579.09486
368,btc,05-01-2020,133474716218.18333
369,btc,06-01-2020,133388991086.87987
370,btc,07-01-2020,140557168287.4443
371,btc,08-01-2020,147798610895.50055
372,btc,09-01-2020,146089575425.2795
373,btc,10-01-2020,141913856953.47913
374,btc,11-01-2020,146879934259.3087
375,btc,12-01-2020,145561586658.57422
376,btc,13-01-2020,148204228775.38776
377,btc,14-01-2020,147446058196.45944
378,btc,15-01-2020,159481192213.82108
379,btc,16-01-2020,159960761751.8495
380,btc,17-01-2020,158412991117.64667
381,btc,18-01-2020,161848747742.1508
382,btc,19-01-2020,161823609428.34625
383,btc,20-01-2020,157906057309.30655
384,btc,21-01-2020,156848009983.54858
385,btc,22-01-2020,158564958350.98007
386,btc,23-01-2020,157502652064.02246
387,btc,24-01-2020,152984928858.5764
388,btc,25-01-2020,153294353936.51035
389,btc,26-01-2020,151794495723.25214
390,btc,27-01-2020,156302144661.30927
391,btc,28-01-2020,161473602737.4275
392,btc,29-01-2020,169518428144.8912
393,btc,30-01-2020,168738228801.50467
394,btc,31-01-2020,172993102966.37723
395,btc,01-02-2020,169340144566.23718
396,btc,02-02-2020,170361167834.16483
397,btc,03-02-2020,169926610304.08496
398,btc,04-02-2020,169406963182.6937
399,btc,05-02-2020,167075369075.11478
400,btc,06-02-2020,174596806174.2994
401,btc,07-02-2020,177388314197.5645
402,btc,08-02-2020,178414902529.15167
403,btc,09-02-2020,180081607384.42255
404,btc,10-02-2020,184792100015.16357
405,btc,11-02-2020,180145850760.05313
406,btc,12-02-2020,186262984851.99295
407,btc,13-02-2020,188132988212.86746
408,btc,14-02-2020,186190344916.03287
409,btc,15-02-2020,187680301470.73926
410,btc,16-02-2020,180265718400.57037
411,btc,17-02-2020,181221481668.7407
412,btc,18-02-2020,176547652266.39673
413,btc,19-02-2020,184918071499.10074
414,btc,20-02-2020,175312937106.92148
415,btc,21-02-2020,174871048291.16623
416,btc,22-02-2020,176701844101.55685
417,btc,23-02-2020,176097270350.4831
418,btc,24-02-2020,181368043820.09412
419,btc,25-02-2020,175872097740.40662
420,btc,26-02-2020,170478976467.6238
421,btc,27-02-2020,160731785487.8149
422,btc,28-02-2020,160149975301.41962
423,btc,29-02-2020,159030381910.26715
424,btc,01-03-2020,156047250857.11172
425,btc,02-03-2020,155934421965.2728
426,btc,03-03-2020,162521881368.8758
427,btc,04-03-2020,159816567727.14258
428,btc,05-03-2020,159869936941.09732
429,btc,06-03-2020,165070261612.788
430,btc,07-03-2020,166791067805.42844
431,btc,08-03-2020,162543409238.00458
432,btc,09-03-2020,147076617271.6885
433,btc,10-03-2020,144664117909.4077
434,btc,11-03-2020,144410718987.88852
435,btc,12-03-2020,144948460093.29614
436,btc,13-03-2020,93092131086.97026
437,btc,14-03-2020,101262945297.35811
438,btc,15-03-2020,95216478864.65564
439,btc,16-03-2020,98632587514.00247
440,btc,17-03-2020,91962797384.28253
441,btc,18-03-2020,98079756006.79294
442,btc,19-03-2020,98259998309.05324
443,btc,20-03-2020,112778383593.49141
444,btc,21-03-2020,113030383272.51407
445,btc,22-03-2020,112349835902.32983
446,btc,23-03-2020,107128564670.89128
447,btc,24-03-2020,118046727572.5451
448,btc,25-03-2020,123064256188.85924
449,btc,26-03-2020,122445336599.19923
450,btc,27-03-2020,123732739823.4625
451,btc,28-03-2020,117019679177.81361
452,btc,29-03-2020,114171796491.49913
453,btc,30-03-2020,108551603303.50957
454,btc,31-03-2020,117151628726.53436
455,btc,01-04-2020,117750205634.39989
456,btc,02-04-2020,120921617010.34784
457,btc,03-04-2020,124719708453.63535
458,btc,04-04-2020,123234164427.70816
459,btc,05-04-2020,125564427826.17566
460,btc,06-04-2020,124272363451.93964
461,btc,07-04-2020,133484854333.44951
462,btc,08-04-2020,131782164465.85344
463,btc,09-04-2020,134518720640.0234
464,btc,10-04-2020,133598651281.71776
465,btc,11-04-2020,125740858699.27551
466,btc,12-04-2020,125980543742.36499
467,btc,13-04-2020,126655463658.31227
468,btc,14-04-2020,125651103790.21225
469,btc,15-04-2020,125713883015.64563
470,btc,16-04-2020,121499498109.80829
471,btc,17-04-2020,129402884477.95892
472,btc,18-04-2020,128961704237.38853
473,btc,19-04-2020,132775323305.43571
474,btc,20-04-2020,130680700686.31035
475,btc,21-04-2020,125724610427.89977
476,btc,22-04-2020,125473149029.1152
477,btc,23-04-2020,130398643209.39326
478,btc,24-04-2020,135414822709.73111
479,btc,25-04-2020,137493716065.4006
480,btc,26-04-2020,138298135122.85803
481,btc,27-04-2020,140977260141.33173
482,btc,28-04-2020,142649802462.8293
483,btc,29-04-2020,142370212777.1421
484,btc,30-04-2020,160483573440.17792
485,btc,01-05-2020,158042623264.3916
486,btc,02-05-2020,161989355178.82224
487,btc,03-05-2020,164603123455.99927
488,btc,04-05-2020,163036842346.68604
489,btc,05-05-2020,162341412439.88123
490,btc,06-05-2020,165335617639.04947
491,btc,07-05-2020,167950864937.1468
492,btc,08-05-2020,182927847431.44946
493,btc,09-05-2020,180421762956.3486
494,btc,10-05-2020,175752574354.63544
495,btc,11-05-2020,160814678353.7077
496,btc,12-05-2020,158113540964.46692
497,btc,13-05-2020,161474125336.405
498,btc,14-05-2020,170593350055.82486
499,btc,15-05-2020,179398095871.3398
500,btc,16-05-2020,170983863891.47488
501,btc,17-05-2020,172309401206.74423
502,btc,18-05-2020,177224284369.1316
503,btc,19-05-2020,178446153576.46417
504,btc,20-05-2020,179127815802.66245
505,btc,21-05-2020,175227227252.9058
506,btc,22-05-2020,166569335290.8396
507,btc,23-05-2020,168309812992.5134
508,btc,24-05-2020,168614573110.75775
509,btc,25-05-2020,161407638875.36517
510,btc,26-05-2020,163333743988.58344
511,btc,27-05-2020,162547226896.53772
512,btc,28-05-2020,168615778509.82266
513,btc,29-05-2020,175534414971.32306
514,btc,30-05-2020,173355014878.4796
515,btc,31-05-2020,177978616382.68933
516,btc,01-06-2020,174105710752.04755
517,btc,02-06-2020,186932702065.96875
518,btc,03-06-2020,175463166971.51956
519,btc,04-06-2020,177416480472.83005
520,btc,05-06-2020,179830985954.85498
521,btc,06-06-2020,177373937377.29663
522,btc,07-06-2020,177901732349.93213
523,btc,08-06-2020,179167717944.46164
524,btc,09-06-2020,179810911053.20026
525,btc,10-06-2020,179709840753.7975
526,btc,11-06-2020,181705166673.57462
527,btc,12-06-2020,171615707160.27472
528,btc,13-06-2020,174266571295.67957
529,btc,14-06-2020,174275005803.05463
530,btc,15-06-2020,172116372679.33923
531,btc,16-06-2020,173598215783.88248
532,btc,17-06-2020,175075304218.30185
533,btc,18-06-2020,174231189757.1904
534,btc,19-06-2020,173034439845.62103
535,btc,20-06-2020,171101646024.0128
536,btc,21-06-2020,172323213442.3655
537,btc,22-06-2020,171192409474.1401
538,btc,23-06-2020,178128652479.62244
539,btc,24-06-2020,177187041226.59833
540,btc,25-06-2020,171028279701.5032
541,btc,26-06-2020,170495281892.45944
542,btc,27-06-2020,168807143703.19455
543,btc,28-06-2020,166004979429.79742
544,btc,29-06-2020,168334049772.4726
545,btc,30-06-2020,169175896894.16483
546,btc,01-07-2020,168558715595.07886
547,btc,02-07-2020,170031996602.76715
548,btc,03-07-2020,167604994105.34857
549,btc,04-07-2020,167116284671.21997
550,btc,05-07-2020,168258822207.29507
551,btc,06-07-2020,167429736492.90482
552,btc,07-07-2020,172136257752.3712
553,btc,08-07-2020,170510411872.0138
554,btc,09-07-2020,173809293389.63837
555,btc,10-07-2020,170198606143.6283
556,btc,11-07-2020,171104767641.88345
557,btc,12-07-2020,170191069703.26535
558,btc,13-07-2020,171364106456.32056
559,btc,14-07-2020,170370727819.23874
560,btc,15-07-2020,170451532161.73575
561,btc,16-07-2020,169758848797.9732
562,btc,17-07-2020,168496782960.8989
563,btc,18-07-2020,168760444137.05035
564,btc,19-07-2020,169031588403.36658
565,btc,20-07-2020,169692625141.8043
566,btc,21-07-2020,168936986921.46805
567,btc,22-07-2020,173036757675.6725
568,btc,23-07-2020,175370017196.6754
569,btc,24-07-2020,176821599773.56787
570,btc,25-07-2020,175865705417.72916
571,btc,26-07-2020,178740874539.49573
572,btc,27-07-2020,183064851468.00018
573,btc,28-07-2020,202191797991.40768
574,btc,29-07-2020,201144184191.06567
575,btc,30-07-2020,204969785090.6761
576,btc,31-07-2020,205200775318.21756
577,btc,01-08-2020,208933774575.1489
578,btc,02-08-2020,217741425308.62857
579,btc,03-08-2020,204126077224.646
580,btc,04-08-2020,207218525401.74573
581,btc,05-08-2020,206583502227.55646
582,btc,06-08-2020,216249264843.70206
583,btc,07-08-2020,217128467890.10898
584,btc,08-08-2020,213579066889.25037
585,btc,09-08-2020,216526346494.08014
586,btc,10-08-2020,215621627427.59085
587,btc,11-08-2020,218920276229.41245
588,btc,12-08-2020,210825577055.42203
589,btc,13-08-2020,213770877597.90494
590,btc,14-08-2020,217185020504.78033
591,btc,15-08-2020,216916952670.3025
592,btc,16-08-2020,219049736823.3334
593,btc,17-08-2020,219750735622.69547
594,btc,18-08-2020,226536103501.8635
595,btc,19-08-2020,220980135332.21396
596,btc,20-08-2020,216660276172.5052
597,btc,21-08-2020,219044968220.88754
598,btc,22-08-2020,212896669545.7498
599,btc,23-08-2020,215641597239.98148
600,btc,24-08-2020,215347356765.4613
601,btc,25-08-2020,217410678530.35837
602,btc,26-08-2020,209658632328.37
603,btc,27-08-2020,211778947737.22385
604,btc,28-08-2020,208747591910.15524
605,btc,29-08-2020,212799723684.94672
606,btc,30-08-2020,212114842611.5429
607,btc,31-08-2020,216179629567.18042
608,btc,01-09-2020,215921598551.33038
609,btc,02-09-2020,221315690777.34525
610,btc,03-09-2020,210746091569.71368
611,btc,04-09-2020,188438095255.46017
612,btc,05-09-2020,194040447575.93134
613,btc,06-09-2020,188092098308.3525
614,btc,07-09-2020,189621410257.03525
615,btc,08-09-2020,191501904758.68698
616,btc,09-09-2020,186825391248.7263
617,btc,10-09-2020,188757938083.84296
618,btc,11-09-2020,191180566587.0585
619,btc,12-09-2020,192111562749.9339
620,btc,13-09-2020,192997988416.4807
621,btc,14-09-2020,190922719938.2308
622,btc,15-09-2020,197010021430.2403
623,btc,16-09-2020,199044338127.62628
624,btc,17-09-2020,202524001250.4926
625,btc,18-09-2020,202358479464.18542
626,btc,19-09-2020,202091264904.96927
627,btc,20-09-2020,204994315602.9869
628,btc,21-09-2020,202032519471.26855
629,btc,22-09-2020,193677795064.08533
630,btc,23-09-2020,194731087415.28983
631,btc,24-09-2020,189120580778.46335
632,btc,25-09-2020,198514026300.17914
633,btc,26-09-2020,197616950282.06653
634,btc,27-09-2020,198687083452.04324
635,btc,28-09-2020,199236216251.43555
636,btc,29-09-2020,197720212770.89465
637,btc,30-09-2020,200532996047.58585
638,btc,01-10-2020,199310441688.83572
639,btc,02-10-2020,196617081790.5188
640,btc,03-10-2020,195660035179.73257
641,btc,04-10-2020,195188285650.34625
642,btc,05-10-2020,197494664453.7935
643,btc,06-10-2020,199530129891.0881
644,btc,07-10-2020,196314284797.01337
645,btc,08-10-2020,197575523784.584
646,btc,09-10-2020,201518932273.67853
647,btc,10-10-2020,204809205392.17957
648,btc,11-10-2020,209268690952.5854
649,btc,12-10-2020,210799352797.1382
650,btc,13-10-2020,213726225963.20517
651,btc,14-10-2020,211576163357.66504
652,btc,15-10-2020,211756280001.1405
653,btc,16-10-2020,212878404236.874
654,btc,17-10-2020,209993205751.02322
655,btc,18-10-2020,210421523306.69058
656,btc,19-10-2020,212752326976.49207
657,btc,20-10-2020,217391050812.65872
658,btc,21-10-2020,220404884318.97812
659,btc,22-10-2020,236717318526.15692
660,btc,23-10-2020,240257678153.83536
661,btc,24-10-2020,239590543523.72256
662,btc,25-10-2020,242785151288.07916
663,btc,26-10-2020,241326618198.73062
664,btc,27-10-2020,242141178089.60794
665,btc,28-10-2020,253004886697.36078
666,btc,29-10-2020,245661872194.44214
667,btc,30-10-2020,249545455596.3296
668,btc,31-10-2020,250845436637.92026
669,btc,01-11-2020,255329261020.6163
670,btc,02-11-2020,254260250527.50497
671,btc,03-11-2020,251266177558.48047
672,btc,04-11-2020,259277183164.55063
673,btc,05-11-2020,261103557610.74826
674,btc,06-11-2020,288118007577.42645
675,btc,07-11-2020,288563189165.38806
676,btc,08-11-2020,274687727889.983
677,btc,09-11-2020,287116472704.3936
678,btc,10-11-2020,284292217075.7686
679,btc,11-11-2020,283242342238.5137
680,btc,12-11-2020,291215273242.1888
681,btc,13-11-2020,301529322417.4614
682,btc,14-11-2020,302672502422.09
683,btc,15-11-2020,298290647831.24426
684,btc,16-11-2020,296277008765.18964
685,btc,17-11-2020,309857769717.0289
686,btc,18-11-2020,327448838765.29767
687,btc,19-11-2020,330792375072.03064
688,btc,20-11-2020,330526082018.5286
689,btc,21-11-2020,345552251091.15924
690,btc,22-11-2020,346623937352.1668
691,btc,23-11-2020,342078349285.0962
692,btc,24-11-2020,340635146714.39825
693,btc,25-11-2020,354209935573.8031
694,btc,26-11-2020,348158099247.1633
695,btc,27-11-2020,317999016791.45123
696,btc,28-11-2020,318057301370.37897
697,btc,29-11-2020,328812520405.74207
698,btc,30-11-2020,336495192223.0139
699,btc,01-12-2020,363927715778.6875
700,btc,02-12-2020,349587593227.14185
701,btc,03-12-2020,356517705143.29443
702,btc,04-12-2020,360661550057.2975
703,btc,05-12-2020,347850442856.6359
704,btc,06-12-2020,355244908734.6481
705,btc,07-12-2020,358762118305.1145
706,btc,08-12-2020,356587934226.10187
707,btc,09-12-2020,340435142947.90857
708,btc,10-12-2020,344693077429.9694
709,btc,11-12-2020,339714540194.3479
710,btc,12-12-2020,335310805699.2893
711,btc,13-12-2020,349235537025.78625
712,btc,14-12-2020,355642790361.31714
713,btc,15-12-2020,357681110300.36426
714,btc,16-12-2020,360542942204.959
715,btc,17-12-2020,396179736655.63983
716,btc,18-12-2020,423587689809.2768
717,btc,19-12-2020,429459534590.4159
718,btc,20-12-2020,443289431125.4617
719,btc,21-12-2020,436893169132.7113
720,btc,22-12-2020,424329939581.7774
721,btc,23-12-2020,441752551013.19135
722,btc,24-12-2020,433051601800.69293
723,btc,25-12-2020,441614502954.16315
724,btc,26-12-2020,458416319552.32434
725,btc,27-12-2020,491978602969.93176
726,btc,28-12-2020,493427450341.26013
727,btc,29-12-2020,503712223153.6673
728,btc,30-12-2020,509680257177.0481
729,btc,31-12-2020,535967306917.84125
730,btc,01-01-2021,539438036435.6701
731,btc,02-01-2021,545593282215.2498
732,btc,03-01-2021,597887713053.5825
733,btc,04-01-2021,613616917625.6967
734,btc,05-01-2021,585726270248.7891
735,btc,06-01-2021,633651671519.3958
736,btc,07-01-2021,682743683563.0741
737,btc,08-01-2021,735339707368.3339
738,btc,09-01-2021,758971014787.3597
739,btc,10-01-2021,749347201462.6359
740,btc,11-01-2021,714078952009.0243
741,btc,12-01-2021,663380898829.0051
742,btc,13-01-2021,629751630408.4126
743,btc,14-01-2021,696668634091.3435
744,btc,15-01-2021,729751433670.0881
745,btc,16-01-2021,684304915288.2261
746,btc,17-01-2021,674660879866.02
747,btc,18-01-2021,672291934493.4396
748,btc,19-01-2021,682647247200.097
749,btc,20-01-2021,671734819189.1033
750,btc,21-01-2021,662434464441.264
751,btc,22-01-2021,575205510268.1292
752,btc,23-01-2021,613271077002.4795
753,btc,24-01-2021,596744391345.3533
754,btc,25-01-2021,600595408892.1986
755,btc,26-01-2021,602517850752.0305
756,btc,27-01-2021,606573549809.8268
757,btc,28-01-2021,566661443732.4073
758,btc,29-01-2021,616625386428.2396
759,btc,30-01-2021,635688668063.594
760,btc,31-01-2021,636624676861.2642
761,btc,01-02-2021,615013848827.3505
762,btc,02-02-2021,621908231690.1377
763,btc,03-02-2021,660664104637.4851
764,btc,04-02-2021,695794870715.5251
765,btc,05-02-2021,686453802173.3838
766,btc,06-02-2021,706320162928.6615
767,btc,07-02-2021,732453192636.7231
768,btc,08-02-2021,723434796637.7434
769,btc,09-02-2021,862413737410.9171
770,btc,10-02-2021,867164581003.3563
771,btc,11-02-2021,839561451461.0575
772,btc,12-02-2021,890629045243.5952
773,btc,13-02-2021,880620921496.0787
774,btc,14-02-2021,874425017687.0778
775,btc,15-02-2021,905515462576.995
776,btc,16-02-2021,892345220938.2782
777,btc,17-02-2021,917339726314.6964
778,btc,18-02-2021,971516568847.578
779,btc,19-02-2021,963911356673.4604
780,btc,20-02-2021,1044189900351.5892
781,btc,21-02-2021,1050555931433.1447
782,btc,22-02-2021,1075380337357.9143
783,btc,23-02-2021,1012091985973.4642
784,btc,24-02-2021,904133801444.5278
785,btc,25-02-2021,929081504353.552
786,btc,26-02-2021,875883932252.4404
787,btc,27-02-2021,869070614247.8623
788,btc,28-02-2021,869649724200.5775
789,btc,01-03-2021,838307614585.1935
790,btc,02-03-2021,928146793676.4287
791,btc,03-03-2021,905413239164.9064
792,btc,04-03-2021,942969910364.1804
793,btc,05-03-2021,908517236707.5374
794,btc,06-03-2021,911379300053.3455
795,btc,07-03-2021,916504852500.393
796,btc,08-03-2021,955040794770.1399
797,btc,09-03-2021,974195000547.444
798,btc,10-03-2021,1018978819157.4177
799,btc,11-03-2021,1044805904677.5541
800,btc,12-03-2021,1077836070933.286
801,btc,13-03-2021,1069776383193.8628
802,btc,14-03-2021,1145191373521.5942
803,btc,15-03-2021,1111684638819.0723
804,btc,16-03-2021,1049197142851.5631
805,btc,17-03-2021,1060221966894.7418
806,btc,18-03-2021,1101028543248.462
807,btc,19-03-2021,1081065767945.8683
808,btc,20-03-2021,1086741150606.8165
809,btc,21-03-2021,1090022321077.5006
810,btc,22-03-2021,1074356788297.177
811,btc,23-03-2021,1020641820438.662
812,btc,24-03-2021,1017637245492.0177
813,btc,25-03-2021,982797427007.2565
814,btc,26-03-2021,959155260366.7408
815,btc,27-03-2021,1027209990794.8939
816,btc,28-03-2021,1042184275332.6417
817,btc,29-03-2021,1039333584621.1438
818,btc,30-03-2021,1075942162536.995
819,btc,31-03-2021,1095293012032.8433
820,btc,01-04-2021,1098127310946.8978
821,btc,02-04-2021,1098583823874.2307
822,btc,03-04-2021,1103133931136.5508
823,btc,04-04-2021,1067101827372.9529
824,btc,05-04-2021,1087344280109.6896
825,btc,06-04-2021,1096202611389.9541
826,btc,07-04-2021,1084341670320.8142
827,btc,08-04-2021,1050759681844.6099
828,btc,09-04-2021,1083362883828.1199
829,btc,10-04-2021,1085794662404.731
830,btc,11-04-2021,1116221525334.3267
831,btc,12-04-2021,1120606689450.4702
832,btc,13-04-2021,1118532902101.5269
833,btc,14-04-2021,1187737045885.1743
834,btc,15-04-2021,1173412921929.8884
835,btc,16-04-2021,1179561609816.9358
836,btc,17-04-2021,1149602869702.2644
837,btc,18-04-2021,1125592412523.221
838,btc,19-04-2021,1053618163309.5769
839,btc,20-04-2021,1043148020633.034
840,btc,21-04-2021,1055145534127.332
841,btc,22-04-2021,1012699264345.6595
842,btc,23-04-2021,971174701492.849
843,btc,24-04-2021,956744203682.2198
844,btc,25-04-2021,937014999515.3855
845,btc,26-04-2021,915533819859.1393
846,btc,27-04-2021,1008389773189.793
847,btc,28-04-2021,1027617870421.6592
848,btc,29-04-2021,1024625833392.2412
849,btc,30-04-2021,1001973605935.3958
850,btc,01-05-2021,1082721727348.0433
851,btc,02-05-2021,1080897634123.2937
852,btc,03-05-2021,1057850321948.5465
853,btc,04-05-2021,1069571255195.5189
854,btc,05-05-2021,999775008412.3738
855,btc,06-05-2021,1070969079353.5304
856,btc,07-05-2021,1056801053574.5111
857,btc,08-05-2021,1072831991777.4056
858,btc,09-05-2021,1099271802311.4957
859,btc,10-05-2021,1088903483393.3053
860,btc,11-05-2021,1045714370754.1615
861,btc,12-05-2021,1064993057463.8884
862,btc,13-05-2021,935512493150.826
863,btc,14-05-2021,934964766185.9642
864,btc,15-05-2021,935962705739.4398
865,btc,16-05-2021,875321252276.1078
866,btc,17-05-2021,871695620615.745
867,btc,18-05-2021,819256623328.7307
868,btc,19-05-2021,800545278567.6873
869,btc,20-05-2021,697785056487.6051
870,btc,21-05-2021,759679496751.2783
871,btc,22-05-2021,698762712553.7339
872,btc,23-05-2021,702143968883.5249
873,btc,24-05-2021,654558962027.5841
874,btc,25-05-2021,723143072419.7241
875,btc,26-05-2021,715248689989.8947
876,btc,27-05-2021,737668726732.3829
877,btc,28-05-2021,723137484747.1467
878,btc,29-05-2021,668521654364.6696
879,btc,30-05-2021,654239808356.6592
880,btc,31-05-2021,668664301773.5417
881,btc,01-06-2021,699138611681.2975
882,btc,02-06-2021,688726381047.1788
883,btc,03-06-2021,704531333543.3906
884,btc,04-06-2021,733150718114.4554
885,btc,05-06-2021,691747462828.3618
886,btc,06-06-2021,662913486273.3402
887,btc,07-06-2021,671131079523.7289
888,btc,08-06-2021,626527049947.8439
889,btc,09-06-2021,629018966290.4011
890,btc,10-06-2021,705292677171.4633
891,btc,11-06-2021,691681868464.4717
892,btc,12-06-2021,698528023663.5321
893,btc,13-06-2021,668148892256.3638
894,btc,14-06-2021,733402631079.1185
895,btc,15-06-2021,761104314502.2867
896,btc,16-06-2021,756522207420.3483
897,btc,17-06-2021,718016373177.285
898,btc,18-06-2021,715652442155.1261
899,btc,19-06-2021,673761687974.4922
900,btc,20-06-2021,666901325910.3705
901,btc,21-06-2021,670634370556.6146
902,btc,22-06-2021,598335733135.868
903,btc,23-06-2021,606580031922.7239
904,btc,24-06-2021,631634847766.2311
905,btc,25-06-2021,650340461975.8141
906,btc,26-06-2021,598703019611.4526
907,btc,27-06-2021,600235334320.8247
908,btc,28-06-2021,649262127990.3759
909,btc,29-06-2021,647741224116.9337
910,btc,30-06-2021,674231340724.4149
911,btc,01-07-2021,660200427590.4775
912,btc,02-07-2021,629863895571.7473
913,btc,03-07-2021,633684390025.5607
914,btc,04-07-2021,650382046624.6503
915,btc,05-07-2021,663571591568.1959
916,btc,06-07-2021,636061920914.8282
917,btc,07-07-2021,640405812761.686
918,btc,08-07-2021,636246944189.2604
919,btc,09-07-2021,617861633771.9894
920,btc,10-07-2021,637000370375.4657
921,btc,11-07-2021,632185737683.1548
922,btc,12-07-2021,643335853171.1349
923,btc,13-07-2021,623350567666.981
924,btc,14-07-2021,613002045101.37
925,btc,15-07-2021,616691143979.958
926,btc,16-07-2021,595342431373.8641
927,btc,17-07-2021,588495008675.5178
928,btc,18-07-2021,592581931071.2119
929,btc,19-07-2021,597872278369.1111
930,btc,20-07-2021,580252472382.7122
931,btc,21-07-2021,561743228116.5483
932,btc,22-07-2021,605357009416.7555
933,btc,23-07-2021,607621607805.3499
934,btc,24-07-2021,627747173675.4332
935,btc,25-07-2021,642012590040.6406
936,btc,26-07-2021,664681184168.7764
937,btc,27-07-2021,701921012034.6644
938,btc,28-07-2021,732311951673.3547
939,btc,29-07-2021,751371299910.5153
940,btc,30-07-2021,750407963580.4731
941,btc,31-07-2021,786531956383.648
942,btc,01-08-2021,784039345926.1898
943,btc,02-08-2021,747403845431.8284
944,btc,03-08-2021,737440183775.5553
945,btc,04-08-2021,720835141114.3336
946,btc,05-08-2021,747085951935.0547
947,btc,06-08-2021,768416417393.5968
948,btc,07-08-2021,803853127161.2805
949,btc,08-08-2021,838457486987.6113
950,btc,09-08-2021,821704814136.0109
951,btc,10-08-2021,861862844505.6104
952,btc,11-08-2021,854344953098.7552
953,btc,12-08-2021,857660568377.3856
954,btc,13-08-2021,836054770491.896
955,btc,14-08-2021,895084141168.7996
956,btc,15-08-2021,886593539912.8141
957,btc,16-08-2021,882888202377.7089
958,btc,17-08-2021,866391335029.3693
959,btc,18-08-2021,836777066605.9799
960,btc,19-08-2021,847143004614.999
961,btc,20-08-2021,867650725472.864
962,btc,21-08-2021,923013359587.4719
963,btc,22-08-2021,920750216465.3846
964,btc,23-08-2021,925630106451.4792
965,btc,24-08-2021,930729196214.2946
966,btc,25-08-2021,902489541307.5308
967,btc,26-08-2021,921328247353.5629
968,btc,27-08-2021,887832142450.1957
969,btc,28-08-2021,922969799298.9401
970,btc,29-08-2021,920017911098.7555
971,btc,30-08-2021,919515378468.8468
972,btc,31-08-2021,885729258052.6316
973,btc,01-09-2021,890014982634.8986
974,btc,02-09-2021,918058330851.4829
975,btc,03-09-2021,927323146557.2119
976,btc,04-09-2021,937295558515.289
977,btc,05-09-2021,940538655659.8085
978,btc,06-09-2021,971284117138.44
979,btc,07-09-2021,992868819862.2306
980,btc,08-09-2021,881943904968.6511
981,btc,09-09-2021,866885887154.3109
982,btc,10-09-2021,876179332243.7437
983,btc,11-09-2021,842222636395.4677
984,btc,12-09-2021,849828231595.6722
985,btc,13-09-2021,869122611514.091
986,btc,14-09-2021,848992511473.5618
987,btc,15-09-2021,886524004596.6061
988,btc,16-09-2021,906727769791.0696
989,btc,17-09-2021,900990520811.9348
990,btc,18-09-2021,892585184977.8329
991,btc,19-09-2021,907957032341.1344
992,btc,20-09-2021,891560241243.0585
993,btc,21-09-2021,805826302811.3501
994,btc,22-09-2021,760802031650.6051
995,btc,23-09-2021,820460824050.9529
996,btc,24-09-2021,846615719473.8734
997,btc,25-09-2021,809772498812.6799
998,btc,26-09-2021,808279417023.3408
999,btc,27-09-2021,825341135635.7169
1000,btc,28-09-2021,794889951096.439
1001,btc,29-09-2021,775534111089.4891
1002,btc,30-09-2021,782626384092.2843
1003,btc,01-10-2021,827840965059.6127
1004,btc,02-10-2021,906929641888.8245
1005,btc,03-10-2021,900582483713.1118
1006,btc,04-10-2021,910331395887.4816
1007,btc,05-10-2021,927812140868.0522
1008,btc,06-10-2021,973040988102.9114
1009,btc,07-10-2021,1044675252844.3663
1010,btc,08-10-2021,1015246512238.866
1011,btc,09-10-2021,1016650501581.1074
1012,btc,10-10-2021,1038524699061.4408
1013,btc,11-10-2021,1030788036761.6326
1014,btc,12-10-2021,1084736227837.6608
1015,btc,13-10-2021,1061829863954.1321
1016,btc,14-10-2021,1083366079898.5513
1017,btc,15-10-2021,1082900149762.5826
1018,btc,16-10-2021,1164782155730.3254
1019,btc,17-10-2021,1153847028824.7434
1020,btc,18-10-2021,1160650121141.9934
1021,btc,19-10-2021,1173944883529.633
1022,btc,20-10-2021,1217582580302.557
1023,btc,21-10-2021,1250376460615.7495
1024,btc,22-10-2021,1178926819140.8179
1025,btc,23-10-2021,1151508584004.7793
1026,btc,24-10-2021,1161166467847.4336
1027,btc,25-10-2021,1153315262663.0586
1028,btc,26-10-2021,1192131994832.5864
1029,btc,27-10-2021,1143497865064.6724
1030,btc,28-10-2021,1105754837660.925
1031,btc,29-10-2021,1145912030969.1882
1032,btc,30-10-2021,1178047465292.3657
1033,btc,31-10-2021,1166423768409.5984
1034,btc,01-11-2021,1159841954948.4832
1035,btc,02-11-2021,1152831210803.7048
1036,btc,03-11-2021,1186951581189.4705
1037,btc,04-11-2021,1187048124213.9268
1038,btc,05-11-2021,1157101738112.7314
1039,btc,06-11-2021,1154530569293.3604
1040,btc,07-11-2021,1162489871875.4807
1041,btc,08-11-2021,1191631271447.797
1042,btc,09-11-2021,1278797895528.3608
1043,btc,10-11-2021,1268116896159.246
1044,btc,11-11-2021,1221681091090.6301
1045,btc,12-11-2021,1228606858156.6921
1046,btc,13-11-2021,1215930166022.9006
1047,btc,14-11-2021,1220299721850.586
1048,btc,15-11-2021,1239021452560.904
1049,btc,16-11-2021,1206711952537.9358
1050,btc,17-11-2021,1141910823555.9597
1051,btc,18-11-2021,1138136620641.4888
1052,btc,19-11-2021,1075758915731.0365
1053,btc,20-11-2021,1103594176399.3167
1054,btc,21-11-2021,1134300362589.2896
1055,btc,22-11-2021,1120610791475.7502
1056,btc,23-11-2021,1064619437494.1869
1057,btc,24-11-2021,1090380950871.23
1058,btc,25-11-2021,1080039673037.4923
1059,btc,26-11-2021,1112182356756.767
1060,btc,27-11-2021,1016487054819.7161
1061,btc,28-11-2021,1030781591912.8181
1062,btc,29-11-2021,1080980050980.763
1063,btc,30-11-2021,1092574224475.6908
1064,btc,01-12-2021,1076804436724.3245
1065,btc,02-12-2021,1079838995016.5873
1066,btc,03-12-2021,1067406204922.5636
1067,btc,04-12-2021,1016040747069.7008
1068,btc,05-12-2021,930097457941.656
1069,btc,06-12-2021,932015145132.0604
1070,btc,07-12-2021,953396710269.5476
1071,btc,08-12-2021,956961313925.818
1072,btc,09-12-2021,954800139986.473
1073,btc,10-12-2021,904878061656.8508
1074,btc,11-12-2021,893919955029.865
1075,btc,12-12-2021,930603779263.9766
1076,btc,13-12-2021,945932497231.4797
1077,btc,14-12-2021,882570058436.5184
1078,btc,15-12-2021,915015634616.989
1079,btc,16-12-2021,925006387197.2257
1080,btc,17-12-2021,901558072618.6224
1081,btc,18-12-2021,875783175210.4042
1082,btc,19-12-2021,887944269264.0427
1083,btc,20-12-2021,884905649263.6449
1084,btc,21-12-2021,890808857615.3627
1085,btc,22-12-2021,929203956014.2224
1086,btc,23-12-2021,921888029984.8673
1087,btc,24-12-2021,960809259355.0854
1088,btc,25-12-2021,962312381228.0947
1089,btc,26-12-2021,958099737762.7762
1090,btc,27-12-2021,961723851972.3851
1091,btc,28-12-2021,960280703699.8921
1092,btc,29-12-2021,902655839568.4547
1093,btc,30-12-2021,874314106559.5542
1094,btc,31-12-2021,892648631305.5416
1095,btc,01-01-2022,876192941903.0961
1096,btc,02-01-2022,904551946917.3206
1097,btc,03-01-2022,897536090320.9355
1098,btc,04-01-2022,880330191985.1965
1099,btc,05-01-2022,876242689666.1957
1100,btc,06-01-2022,827723202715.1049
1101,btc,07-01-2022,819522879407.0583
1102,btc,08-01-2022,787735561341.1113
1103,btc,09-01-2022,792892599975.9554
1104,btc,10-01-2022,791648558214.5575
1105,btc,11-01-2022,792407724467.5966
1106,btc,12-01-2022,809621515508.4065
1107,btc,13-01-2022,832460077955.3481
1108,btc,14-01-2022,806510860231.8285
1109,btc,15-01-2022,816129314317.4397
1110,btc,16-01-2022,816800318526.6782
1111,btc,17-01-2022,816325578941.135
1112,btc,18-01-2022,800822650383.9624
1113,btc,19-01-2022,803962100417.9756
1114,btc,20-01-2022,790507925308.7825
1115,btc,21-01-2022,774235809673.4731
1116,btc,22-01-2022,692855029162.9379
1117,btc,23-01-2022,666220701468.4846
1118,btc,24-01-2022,687575973800.0704
1119,btc,25-01-2022,696465421899.37
1120,btc,26-01-2022,700571452648.8236
1121,btc,27-01-2022,700165819656.2855
1122,btc,28-01-2022,702311456032.8538
1123,btc,29-01-2022,717026944842.8334
1124,btc,30-01-2022,722829009646.1814
1125,btc,31-01-2022,719570142321.8397
1126,btc,01-02-2022,727905398095.9747
1127,btc,02-02-2022,736102274236.6057
1128,btc,03-02-2022,700645616423.8325
1129,btc,04-02-2022,703003347951.7092
1130,btc,05-02-2022,777355085535.6107
1131,btc,06-02-2022,786295053042.2418
1132,btc,07-02-2022,804942041477.0581
1133,btc,08-02-2022,833392518214.8341
1134,btc,09-02-2022,837406846076.2306
1135,btc,10-02-2022,841339973338.8694
1136,btc,11-02-2022,826942197610.3904
1137,btc,12-02-2022,803706779791.898
1138,btc,13-02-2022,799547462142.6093
1139,btc,14-02-2022,802059713029.3901
1140,btc,15-02-2022,808280617642.0496
1141,btc,16-02-2022,848321283143.9929
1142,btc,17-02-2022,836256083783.791
1143,btc,18-02-2022,770096677778.6456
1144,btc,19-02-2022,759881874201.3011
1145,btc,20-02-2022,761447243939.9269
1146,btc,21-02-2022,730381814665.4404
1147,btc,22-02-2022,703004241590.1829
1148,btc,23-02-2022,727094284067.6588
1149,btc,24-02-2022,708829287814.1068
1150,btc,25-02-2022,727657714638.0917
1151,btc,26-02-2022,745763194704.1796
1152,btc,27-02-2022,741083625917.93
1153,btc,28-02-2022,717619764688.0872
1154,btc,01-03-2022,819019441071.749
1155,btc,02-03-2022,841254375272.0455
1156,btc,03-03-2022,834437956671.6672
1157,btc,04-03-2022,807454920681.7217
1158,btc,05-03-2022,743810477766.2219
1159,btc,06-03-2022,748197160856.1006
1160,btc,07-03-2022,729501899968.2964
1161,btc,08-03-2022,723198804467.6718
1162,btc,09-03-2022,735453953725.9198
1163,btc,10-03-2022,796849504897.2562
1164,btc,11-03-2022,749384110700.1091
1165,btc,12-03-2022,738267961692.6816
1166,btc,13-03-2022,738456528057.6692
1167,btc,14-03-2022,718551088031.3688
1168,btc,15-03-2022,751354026218.9767
1169,btc,16-03-2022,747642430663.595
1170,btc,17-03-2022,779761001844.4108
1171,btc,18-03-2022,778474325709.8895
1172,btc,19-03-2022,794378970588.3145
1173,btc,20-03-2022,800887993391.0255
1174,btc,21-03-2022,784054464871.6631
1175,btc,22-03-2022,779205413378.8728
1176,btc,23-03-2022,803937099701.4115
1177,btc,24-03-2022,810894331277.664
1178,btc,25-03-2022,834251096724.507
1179,btc,26-03-2022,842031938721.7855
1180,btc,27-03-2022,845235093872.7649
1181,btc,28-03-2022,887283025181.1342
1182,btc,29-03-2022,892747620147.7012
1183,btc,30-03-2022,901430001888.9999
1184,btc,31-03-2022,895356010540.8462
1185,btc,01-04-2022,865010142444.9791
1186,btc,02-04-2022,879144224206.3806
1187,btc,03-04-2022,871050305858.7916
1188,btc,04-04-2022,882346640419.069
1189,btc,05-04-2022,885584977681.2438
1190,btc,06-04-2022,867247321783.443
1191,btc,07-04-2022,820983263462.4961
1192,btc,08-04-2022,827032889944.6309
1193,btc,09-04-2022,804272478980.6077
1194,btc,10-04-2022,812734148492.5116
1195,btc,11-04-2022,803574629064.9272
1196,btc,12-04-2022,752680814425.1921
1197,btc,13-04-2022,764314681923.3135
1198,btc,14-04-2022,783560801481.9719
1199,btc,15-04-2022,759703443634.6515
1200,btc,16-04-2022,771666602547.5923
1201,btc,17-04-2022,770439827829.2395
1202,btc,18-04-2022,755627152747.4514
1203,btc,19-04-2022,776463403746.4385
1204,btc,20-04-2022,789141783336.2104
1205,btc,21-04-2022,787437397453.9304
1206,btc,22-04-2022,770787243369.5001
1207,btc,23-04-2022,756144456297.8489
1208,btc,24-04-2022,752414150959.3553
1209,btc,25-04-2022,752446283899.8965
1210,btc,26-04-2022,770112436973.4149
1211,btc,27-04-2022,725434540422.046
1212,btc,28-04-2022,746473028158.29
1213,btc,29-04-2022,756090806420.8264
1214,btc,30-04-2022,735829877665.6912
1215,btc,01-05-2022,719611115951.2947
1216,btc,02-05-2022,733294957352.5364
1217,btc,03-05-2022,733787526677.6703
1218,btc,04-05-2022,718542028695.8999
1219,btc,05-05-2022,755764276888.7715
1220,btc,06-05-2022,696020943881.887
1221,btc,07-05-2022,687093350325.4445
1222,btc,08-05-2022,678702448510.6605
1223,btc,09-05-2022,648514321641.9902
1224,btc,10-05-2022,576197842487.6378
1225,btc,11-05-2022,590644412746.6844
1226,btc,12-05-2022,549294001873.1765
1227,btc,13-05-2022,555266177876.6213
1228,btc,14-05-2022,558053182541.2809
1229,btc,15-05-2022,573777699744.01
1230,btc,16-05-2022,596346266888.6597
1231,btc,17-05-2022,569801943005.2971
1232,btc,18-05-2022,581272773175.8237
1233,btc,19-05-2022,547927169401.20306
1234,btc,20-05-2022,578678245847.8763
1235,btc,21-05-2022,557201657280.7389
1236,btc,22-05-2022,561696351558.8424
1237,btc,23-05-2022,578090387085.146
1238,btc,24-05-2022,555459414424.212
1239,btc,25-05-2022,564885248021.9939
1240,btc,26-05-2022,563577022957.9133
1241,btc,27-05-2022,559066076343.6685
1242,btc,28-05-2022,545752899521.8662
1243,btc,29-05-2022,554938694217.2793
1244,btc,30-05-2022,561771345708.952
1245,btc,31-05-2022,604926607440.7722
1246,btc,01-06-2022,607393396318.7885
1247,btc,02-06-2022,569001624438.0176
1248,btc,03-06-2022,580863150152.0535
1249,btc,04-06-2022,566275595800.1772
1250,btc,05-06-2022,568340135127.331
1251,btc,06-06-2022,570209935092.4275
1252,btc,07-06-2022,597966736176.5532
1253,btc,08-06-2022,597205650752.5386
1254,btc,09-06-2022,576238781341.3682
1255,btc,10-06-2022,573819802894.6453
1256,btc,11-06-2022,554622874799.0432
1257,btc,12-06-2022,540789214973.6274
1258,btc,13-06-2022,514202090511.0678
1259,btc,14-06-2022,429492202561.014
1260,btc,15-06-2022,423044474596.5387
1261,btc,16-06-2022,429887916884.8431
1262,btc,17-06-2022,389181727345.57733
1263,btc,18-06-2022,391441740414.39136
1264,btc,19-06-2022,362303884192.0101
1265,btc,20-06-2022,390555374756.5322
1266,btc,21-06-2022,392793374515.9921
1267,btc,22-06-2022,395059669321.2376
1268,btc,23-06-2022,381616262301.266
1269,btc,24-06-2022,402495826231.42053
1270,btc,25-06-2022,407086114490.3726
1271,btc,26-06-2022,410110791491.05475
1272,btc,27-06-2022,401645800330.4072
1273,btc,28-06-2022,395914576106.05786
1274,btc,29-06-2022,386606940573.39575
1275,btc,30-06-2022,384067866465.5609
1276,btc,01-07-2022,365984224323.45276
1277,btc,02-07-2022,370916529918.7163
1278,btc,03-07-2022,367706689137.568
1279,btc,04-07-2022,368549364135.05225
1280,btc,05-07-2022,386425176262.77844
1281,btc,06-07-2022,385301783065.72974
1282,btc,07-07-2022,392479833070.6018
1283,btc,08-07-2022,414055638573.8548
1284,btc,09-07-2022,417690286504.50726
1285,btc,10-07-2022,412459838738.2113
1286,btc,11-07-2022,398249545888.6735
1287,btc,12-07-2022,382000290322.39886
1288,btc,13-07-2022,370191767290.5106
1289,btc,14-07-2022,385462566548.9708
1290,btc,15-07-2022,393104346702.71136
1291,btc,16-07-2022,397285233065.65533
1292,btc,17-07-2022,404705642580.89075
1293,btc,18-07-2022,397660610560.5498
1294,btc,19-07-2022,425756736660.6174
1295,btc,20-07-2022,445889013251.1064
1296,btc,21-07-2022,446130012149.91077
1297,btc,22-07-2022,442379611364.02734
1298,btc,23-07-2022,433485926857.3929
1299,btc,24-07-2022,429803379587.55133
1300,btc,25-07-2022,433819662321.5266
1301,btc,26-07-2022,407480099599.8142
1302,btc,27-07-2022,405692421501.52716
1303,btc,28-07-2022,437193517021.8447
1304,btc,29-07-2022,454806622614.75885
1305,btc,30-07-2022,459609388579.5554
1306,btc,31-07-2022,451726702392.36206
1307,btc,01-08-2022,447051019373.1847
1308,btc,02-08-2022,445958949620.3002
1309,btc,03-08-2022,440954684720.7478
1310,btc,04-08-2022,437035641450.2815
1311,btc,05-08-2022,432420621055.8012
1312,btc,06-08-2022,443821669890.4801
1313,btc,07-08-2022,439414782173.18774
1314,btc,08-08-2022,442979379284.1196
1315,btc,09-08-2022,455450642522.25543
1316,btc,10-08-2022,443382534834.6949
1317,btc,11-08-2022,457270455537.3291
1318,btc,12-08-2022,458070674127.7904
1319,btc,13-08-2022,466765701334.6809
1320,btc,14-08-2022,467078368768.6749
1321,btc,15-08-2022,464896345363.0234
1322,btc,16-08-2022,462437221425.1544
1323,btc,17-08-2022,456791042838.03827
1324,btc,18-08-2022,447015816173.3428
1325,btc,19-08-2022,444845955425.38696
1326,btc,20-08-2022,400810425580.64777
1327,btc,21-08-2022,404924875533.8922
1328,btc,22-08-2022,413578924865.8514
1329,btc,23-08-2022,408409110509.79584
1330,btc,24-08-2022,412338357271.39594
1331,btc,25-08-2022,409503007623.01685
1332,btc,26-08-2022,413843488595.5175
1333,btc,27-08-2022,387215087166.7839
1334,btc,28-08-2022,383790676113.79205
1335,btc,29-08-2022,376180531070.6233
1336,btc,30-08-2022,389119405471.2333
1337,btc,31-08-2022,379555151404.602
1338,btc,01-09-2022,383348414528.78253
1339,btc,02-09-2022,385027707310.6654
1340,btc,03-09-2022,381788074511.76855
1341,btc,04-09-2022,379422449024.2574
1342,btc,05-09-2022,382421043401.0045
1343,btc,06-09-2022,378685143698.17633
1344,btc,07-09-2022,361210437263.86273
1345,btc,08-09-2022,369340091982.8708
1346,btc,09-09-2022,369723445425.44885
1347,btc,10-09-2022,408976281844.7646
1348,btc,11-09-2022,415974687298.0947
1349,btc,12-09-2022,416073628622.09485
1350,btc,13-09-2022,427473787888.3761
1351,btc,14-09-2022,386529657258.8565
1352,btc,15-09-2022,387486232249.80023
1353,btc,16-09-2022,377719382182.44714
1354,btc,17-09-2022,377988702161.6817
1355,btc,18-09-2022,385486747327.04944
1356,btc,19-09-2022,372598380208.27094
1357,btc,20-09-2022,374524246937.4287
1358,btc,21-09-2022,361980678159.1343
1359,btc,22-09-2022,355194467885.9514
1360,btc,23-09-2022,372075639498.16974
1361,btc,24-09-2022,370913140447.51636
1362,btc,25-09-2022,363168779956.3335
1363,btc,26-09-2022,360256894978.40894
1364,btc,27-09-2022,367613056759.2221
1365,btc,28-09-2022,366383164263.7157
1366,btc,29-09-2022,372892084645.0075
1367,btc,30-09-2022,374830625219.6003
1368,btc,01-10-2022,373222100680.7475
1369,btc,02-10-2022,370204708063.3375
1370,btc,03-10-2022,366195863790.6755
1371,btc,04-10-2022,375767908259.0832
1372,btc,05-10-2022,390177741507.47705
1373,btc,06-10-2022,386368899196.38165
1374,btc,07-10-2022,382505641462.15643
1375,btc,08-10-2022,373170861484.13965
1376,btc,09-10-2022,372391945609.07526
1377,btc,10-10-2022,372264710552.3351
1378,btc,11-10-2022,367207056773.2261
1379,btc,12-10-2022,365118514776.26794
1380,btc,13-10-2022,367301644901.367
1381,btc,14-10-2022,371647189087.47595
1382,btc,15-10-2022,367584653730.75476
1383,btc,16-10-2022,365870425566.52997
1384,btc,17-10-2022,369552982160.53754
1385,btc,18-10-2022,375052275829.7958
1386,btc,19-10-2022,371196833238.99286
1387,btc,20-10-2022,367085331987.69183
1388,btc,21-10-2022,365098952754.63934
1389,btc,22-10-2022,367999082249.1525
1390,btc,23-10-2022,368484939423.55475
1391,btc,24-10-2022,375197423662.3941
1392,btc,25-10-2022,370622833880.7626
1393,btc,26-10-2022,385476931983.84595
1394,btc,27-10-2022,398674628646.93066
1395,btc,28-10-2022,389238872375.6226
1396,btc,29-10-2022,395201306734.5831
1397,btc,30-10-2022,399135164712.3964
1398,btc,31-10-2022,395548335410.141
1399,btc,01-11-2022,393311097043.5727
1400,btc,02-11-2022,393218202887.5868
1401,btc,03-11-2022,387015867490.0914
1402,btc,04-11-2022,387756249891.6283
1403,btc,05-11-2022,405987599945.2726
1404,btc,06-11-2022,408892506459.0742
1405,btc,07-11-2022,401869336200.07385
1406,btc,08-11-2022,395168506455.3059
1407,btc,09-11-2022,356871594631.61395
1408,btc,10-11-2022,301963847693.52637
1409,btc,11-11-2022,336597208099.6668
1410,btc,12-11-2022,325921112619.09045
1411,btc,13-11-2022,322330608513.1628
1412,btc,14-11-2022,313605586517.2854
1413,btc,15-11-2022,320598982524.9025
1414,btc,16-11-2022,324608360619.00433
1415,btc,17-11-2022,320099234744.2721
1416,btc,18-11-2022,321287480849.7667
1417,btc,19-11-2022,320876918352.4405
1418,btc,20-11-2022,321151208473.7581
1419,btc,21-11-2022,313370674122.3842
1420,btc,22-11-2022,303834128504.1595
1421,btc,23-11-2022,311463297390.4882
1422,btc,24-11-2022,319494112507.07404
1423,btc,25-11-2022,318949911014.53784
1424,btc,26-11-2022,317919884011.3825
1425,btc,27-11-2022,316206865319.883
1426,btc,28-11-2022,316487666895.4407
1427,btc,29-11-2022,311810991501.448
1428,btc,30-11-2022,316170903326.0224
1429,btc,01-12-2022,330763402606.7043
1430,btc,02-12-2022,326141917292.63745
1431,btc,03-12-2022,328178365692.1309
1432,btc,04-12-2022,326498242602.6305
1433,btc,05-12-2022,329544949093.6664
1434,btc,06-12-2022,326635737516.3175
1435,btc,07-12-2022,328108161816.87274
1436,btc,08-12-2022,324178677956.7833
1437,btc,09-12-2022,331389860355.59094
1438,btc,10-12-2022,329756788298.6587
1439,btc,11-12-2022,329283186564.5152
1440,btc,12-12-2022,328868814164.99066
1441,btc,13-12-2022,330715694645.24335
1442,btc,14-12-2022,342102502914.68976
1443,btc,15-12-2022,342692750075.4062
1444,btc,16-12-2022,333854506370.7365
1445,btc,17-12-2022,318992400741.96515
1446,btc,18-12-2022,323096167353.6004
1447,btc,19-12-2022,322740705484.67255
1448,btc,20-12-2022,316270478163.65466
1449,btc,21-12-2022,325120443529.51874
1450,btc,22-12-2022,323127932459.19025
1451,btc,23-12-2022,323519254392.6745
1452,btc,24-12-2022,323013370317.24255
1453,btc,25-12-2022,324072643385.91296
1454,btc,26-12-2022,323868581953.1157
1455,btc,27-12-2022,325036912914.6697
1456,btc,28-12-2022,321351469136.8621
1457,btc,29-12-2022,318288869204.81464
1458,btc,30-12-2022,320297298175.87695
1459,btc,31-12-2022,319722045805.09534
1460,btc,01-01-2023,318278329991.7019
1461,btc,02-01-2023,319832024054.6308
1462,btc,03-01-2023,321486454934.26776
1463,btc,04-01-2023,321080820418.18396
1464,btc,05-01-2023,324397588037.39484
1465,btc,06-01-2023,324138957221.0557
1466,btc,07-01-2023,326571439011.6566
1467,btc,08-01-2023,326371741274.41095
1468,btc,09-01-2023,328470896861.37854
1469,btc,10-01-2023,331158152699.25574
1470,btc,11-01-2023,335743942932.3494
1471,btc,12-01-2023,345688973386.69006
1472,btc,13-01-2023,363381125082.7658
1473,btc,14-01-2023,382675302196.4898
1474,btc,15-01-2023,405209898132.0056
1475,btc,16-01-2023,401697403586.5178
1476,btc,17-01-2023,407760358639.0028
1477,btc,18-01-2023,407405144842.9396
1478,btc,19-01-2023,399349603616.14526
1479,btc,20-01-2023,406258441952.3726
1480,btc,21-01-2023,436724993652.4275
1481,btc,22-01-2023,438578588179.0604
1482,btc,23-01-2023,438060367560.3554
1483,btc,24-01-2023,442926343072.59235
1484,btc,25-01-2023,435679436196.35767
1485,btc,26-01-2023,446715261348.7517
1486,btc,27-01-2023,444005849172.13904
1487,btc,28-01-2023,444898315874.05536
1488,btc,29-01-2023,443702765526.11646
1489,btc,30-01-2023,458368002025.743
1490,btc,31-01-2023,439295730927.16473
1491,btc,01-02-2023,445991168199.3282
1492,btc,02-02-2023,457383099382.75
1493,btc,03-02-2023,453565018922.54517
1494,btc,04-02-2023,452312595756.25696
1495,btc,05-02-2023,450197147854.798
1496,btc,06-02-2023,442933975658.56586
1497,btc,07-02-2023,438726385719.1618
1498,btc,08-02-2023,449391195299.20337
1499,btc,09-02-2023,442518382691.65485
1500,btc,10-02-2023,420790678627.7739
1501,btc,11-02-2023,417351358181.0193
1502,btc,12-02-2023,422107650473.77954
1503,btc,13-02-2023,420218240428.1313
1504,btc,14-02-2023,420838871938.82733
1505,btc,15-02-2023,428649056117.7321
1506,btc,16-02-2023,468820317786.9533
1507,btc,17-02-2023,459293697174.9459
1508,btc,18-02-2023,475194230168.09973
1509,btc,19-02-2023,475529620771.9494
1510,btc,20-02-2023,470798520570.0436
1511,btc,21-02-2023,478236525469.6496
1512,btc,22-02-2023,470623925511.17865
1513,btc,23-02-2023,465998918250.2451
1514,btc,24-02-2023,461042830140.0772
1515,btc,25-02-2023,447316067422.04736
1516,btc,26-02-2023,447030240435.99854
1517,btc,27-02-2023,454284528651.50226
1518,btc,28-02-2023,454364917718.867
1519,btc,01-03-2023,446010055987.85736
1520,btc,02-03-2023,456417315966.7193
1521,btc,03-03-2023,453067155320.8529
1522,btc,04-03-2023,431727585101.1504
1523,btc,05-03-2023,431837491811.49384
1524,btc,06-03-2023,433081135066.3954
1525,btc,07-03-2023,432758824798.3097
1526,btc,08-03-2023,427994888566.54205
1527,btc,09-03-2023,419694984165.3824
1528,btc,10-03-2023,392841773384.4403
1529,btc,11-03-2023,390202255053.33545
1530,btc,12-03-2023,394742728281.98926
1531,btc,13-03-2023,425816781283.92786
1532,btc,14-03-2023,466509005562.78174
1533,btc,15-03-2023,478406045309.6089
1534,btc,16-03-2023,472833547484.0809
1535,btc,17-03-2023,486375597562.7987
1536,btc,18-03-2023,530038219067.3334
1537,btc,19-03-2023,523262280970.14777
1538,btc,20-03-2023,546680822196.2155
1539,btc,21-03-2023,538935400013.3555
1540,btc,22-03-2023,545917428270.10583
1541,btc,23-03-2023,530515158753.954
1542,btc,24-03-2023,549578396178.6341
1543,btc,25-03-2023,533634255119.3758
1544,btc,26-03-2023,534960802333.31067
1545,btc,27-03-2023,542675619058.77966
1546,btc,28-03-2023,525230880103.13837
1547,btc,29-03-2023,528042785008.98267
1548,btc,30-03-2023,548808373530.0567
1549,btc,31-03-2023,542369769760.28796
1550,btc,01-04-2023,551707238559.8757
1551,btc,02-04-2023,550949831049.3949
1552,btc,03-04-2023,545181408318.2205
1553,btc,04-04-2023,539350908801.9282
1554,btc,05-04-2023,544313567953.4008
1555,btc,06-04-2023,545409754928.52686
1556,btc,07-04-2023,542601176317.4441
1557,btc,08-04-2023,540432353743.3232
1558,btc,09-04-2023,541094458101.44714
1559,btc,10-04-2023,548568597244.1978
1560,btc,11-04-2023,574059578670.3654
1561,btc,12-04-2023,585359301945.2595
1562,btc,13-04-2023,578850627447.6105
1563,btc,14-04-2023,587939018759.4221
1564,btc,15-04-2023,589051372432.549
1565,btc,16-04-2023,586969785778.0928
1566,btc,17-04-2023,586268225587.8677
1567,btc,18-04-2023,569958059900.5195
1568,btc,19-04-2023,587730212230.9563
1569,btc,20-04-2023,558796473890.5958
1570,btc,21-04-2023,546141074655.3764
1571,btc,22-04-2023,528357279464.0127
1572,btc,23-04-2023,539454716829.9368
1573,btc,24-04-2023,533753154140.2553
1574,btc,25-04-2023,532290845181.53394
1575,btc,26-04-2023,548359667398.65234
1576,btc,27-04-2023,548638734338.36755
1577,btc,28-04-2023,570258039118.5771
1578,btc,29-04-2023,568153896404.9741
1579,btc,30-04-2023,565714356650.6621
1580,btc,01-05-2023,568513467268.4124
1581,btc,02-05-2023,544421676291.20087
1582,btc,03-05-2023,554886795897.9369
1583,btc,04-05-2023,561312171794.5802
1584,btc,05-05-2023,558634329303.2208
1585,btc,06-05-2023,571520224182.8824
1586,btc,07-05-2023,559078681902.6073
1587,btc,08-05-2023,554373015261.6681
1588,btc,09-05-2023,536032086472.038
1589,btc,10-05-2023,535037100026.6903
1590,btc,11-05-2023,534937464538.75824
1591,btc,12-05-2023,523414877659.3074
1592,btc,13-05-2023,518816444750.7709
1593,btc,14-05-2023,520426027097.3362
1594,btc,15-05-2023,521319019334.69617
1595,btc,16-05-2023,527655229433.8867
1596,btc,17-05-2023,523965691858.8659
1597,btc,18-05-2023,530762551513.4872
1598,btc,19-05-2023,520544913836.41003
1599,btc,20-05-2023,521153640362.9618
1600,btc,21-05-2023,525040003344.1629
1601,btc,22-05-2023,519171380714.0945
1602,btc,23-05-2023,520821915713.9187
1603,btc,24-05-2023,527528695688.7587
1604,btc,25-05-2023,510987979871.2201
1605,btc,26-05-2023,513295724355.69904
1606,btc,27-05-2023,517973731437.9403
1607,btc,28-05-2023,520461980942.25433
1608,btc,29-05-2023,544879177078.8053
1609,btc,30-05-2023,538430950369.49817
1610,btc,31-05-2023,537414074116.4985
1611,btc,01-06-2023,528464394082.93866
1612,btc,02-06-2023,520271910707.11273
1613,btc,03-06-2023,528508990069.2122
1614,btc,04-06-2023,525209390395.50604
1615,btc,05-06-2023,529630092281.38684
1616,btc,06-06-2023,500593893699.2183
1617,btc,07-06-2023,527295592028.08093
1618,btc,08-06-2023,510979921090.6337
1619,btc,09-06-2023,514279355771.4992
1620,btc,10-06-2023,513226142603.1213
1621,btc,11-06-2023,501653860264.2029
1622,btc,12-06-2023,502683000962.43024
1623,btc,13-06-2023,502562686069.16986
1624,btc,14-06-2023,501752262681.7188
1625,btc,15-06-2023,487262840554.6715
1626,btc,16-06-2023,495788386559.10156
1627,btc,17-06-2023,510906153487.60516
1628,btc,18-06-2023,514331114457.8236
1629,btc,19-06-2023,511384956032.88007
1630,btc,20-06-2023,519667661979.1768
1631,btc,21-06-2023,549330089183.52325
1632,btc,22-06-2023,584070487996.789
1633,btc,23-06-2023,581473706978.9268
1634,btc,24-06-2023,594588611688.3142
1635,btc,25-06-2023,592912110031.5245
1636,btc,26-06-2023,591387700082.1104
1637,btc,27-06-2023,587134340343.6245
1638,btc,28-06-2023,595427193050.2291
1639,btc,29-06-2023,584187696961.3756
1640,btc,30-06-2023,591688337868.8445
1641,btc,01-07-2023,591722375245.7673
1642,btc,02-07-2023,593625140902.5646
1643,btc,03-07-2023,593627203721.8534
1644,btc,04-07-2023,604507839820.0979
1645,btc,05-07-2023,598449423994.1252
1646,btc,06-07-2023,592386606697.3153
1647,btc,07-07-2023,583429029204.2451
1648,btc,08-07-2023,588811434763.8912
1649,btc,09-07-2023,587678367157.9867
1650,btc,10-07-2023,585883986681.1711
1651,btc,11-07-2023,590311894648.7518
1652,btc,12-07-2023,594749192359.1351
1653,btc,13-07-2023,590629381260.7114
1654,btc,14-07-2023,610725509598.8464
1655,btc,15-07-2023,588107447250.1327
1656,btc,16-07-2023,588642134563.5204
1657,btc,17-07-2023,586391434733.7153
1658,btc,18-07-2023,585500720965.1113
1659,btc,19-07-2023,579708613537.5165
1660,btc,20-07-2023,581327322356.8716
1661,btc,21-07-2023,579308712612.258
1662,btc,22-07-2023,581397880391.4172
1663,btc,23-07-2023,577068525402.119
1664,btc,24-07-2023,584296796267.4817
1665,btc,25-07-2023,567051778655.836
1666,btc,26-07-2023,568019115128.7598
1667,btc,27-07-2023,570531781624.6747
1668,btc,28-07-2023,567708714251.7643
1669,btc,29-07-2023,569952119667.3986
1670,btc,30-07-2023,570804910032.5747
1671,btc,31-07-2023,569135711632.8535
1672,btc,01-08-2023,568333703606.0996
1673,btc,02-08-2023,572408929757.971
1674,btc,03-08-2023,567074709353.651
1675,btc,04-08-2023,567940644790.4882
1676,btc,05-08-2023,565073127339.627
1677,btc,06-08-2023,564970113457.8998
1678,btc,07-08-2023,564947914083.0184
1679,btc,08-08-2023,567529179865.8152
1680,btc,09-08-2023,579214283623.8071
1681,btc,10-08-2023,575535414817.4033
1682,btc,11-08-2023,572414205818.4142
1683,btc,12-08-2023,571976559045.8302
1684,btc,13-08-2023,572257798803.9086
1685,btc,14-08-2023,569687130446.7833
